"No.","Time","Source","Destination","Protocol","Length","Info"
"1","0.000000","192.168.178.42","5.200.6.174","UDP","257","61475  >  50004 Len=215"
"2","0.021832","192.168.178.42","5.200.6.174","UDP","257","61475  >  50004 Len=215"
"3","0.024733","5.200.6.174","192.168.178.42","UDP","246","50004  >  61475 Len=204"
"4","0.026785","192.168.178.42","192.168.178.23","TCP","54","6557  >  8009 [ACK] Seq=1 Ack=1 Win=1021 Len=0"
"5","0.031996","5.200.6.174","192.168.178.42","UDP","248","50004  >  61475 Len=206"
"6","0.039834","192.168.178.42","5.200.6.174","UDP","250","61475  >  50004 Len=208"
"7","0.042833","5.200.6.174","192.168.178.42","UDP","251","50004  >  61475 Len=209"
"8","0.062655","192.168.178.42","5.200.6.174","UDP","252","61475  >  50004 Len=210"
"9","0.067598","192.168.178.42","5.200.6.174","RTCP","70","Receiver Report   Goodbye   [Malformed Packet]"
"10","0.069503","5.200.6.174","192.168.178.42","UDP","240","50004  >  61475 Len=198"
"11","0.079638","192.168.178.42","5.200.6.174","UDP","248","61475  >  50004 Len=206"
"12","0.102805","192.168.178.42","5.200.6.174","UDP","251","61475  >  50004 Len=209"
"13","0.105686","5.200.6.174","192.168.178.42","UDP","250","50004  >  61475 Len=208"
"14","0.110664","5.200.6.174","192.168.178.42","UDP","240","50004  >  61475 Len=198"
"15","0.120315","192.168.178.42","5.200.6.174","UDP","240","61475  >  50004 Len=198"
"16","0.138382","5.200.6.174","192.168.178.42","UDP","254","50004  >  61475 Len=212"
"17","0.145957","192.168.178.42","5.200.6.174","UDP","244","61475  >  50004 Len=202"
"18","0.152420","5.200.6.174","192.168.178.42","UDP","252","50004  >  61475 Len=210"
"19","0.161337","192.168.178.42","5.200.6.174","UDP","249","61475  >  50004 Len=207"
"20","0.180267","5.200.6.174","192.168.178.42","UDP","253","50004  >  61475 Len=211"
"21","0.182915","192.168.178.42","5.200.6.174","UDP","241","61475  >  50004 Len=199"
"22","0.190213","5.200.6.174","192.168.178.42","UDP","256","50004  >  61475 Len=214"
"23","0.205411","192.168.178.42","5.200.6.174","UDP","261","61475  >  50004 Len=219"
"24","0.216899","5.200.6.174","192.168.178.42","UDP","243","50004  >  61475 Len=201"
"25","0.221809","192.168.178.42","5.200.6.174","UDP","251","61475  >  50004 Len=209"
"26","0.230364","5.200.6.174","192.168.178.42","UDP","266","50004  >  61475 Len=224"
"27","0.243919","192.168.178.42","5.200.6.174","UDP","262","61475  >  50004 Len=220"
"28","0.259756","5.200.6.174","192.168.178.42","UDP","257","50004  >  61475 Len=215"
"29","0.259875","192.168.178.42","5.200.6.174","UDP","249","61475  >  50004 Len=207"
"30","0.271357","5.200.6.174","192.168.178.42","UDP","251","50004  >  61475 Len=209"
"31","0.283634","192.168.178.42","5.200.6.174","UDP","258","61475  >  50004 Len=216"
"32","0.297201","5.200.6.174","192.168.178.42","UDP","246","50004  >  61475 Len=204"
"33","0.300216","192.168.178.42","5.200.6.174","UDP","253","61475  >  50004 Len=211"
"34","0.309932","5.200.6.174","192.168.178.42","UDP","252","50004  >  61475 Len=210"
"35","0.322424","192.168.178.42","5.200.6.174","UDP","260","61475  >  50004 Len=218"
"36","0.336790","5.200.6.174","192.168.178.42","UDP","248","50004  >  61475 Len=206"
"37","0.338867","192.168.178.42","5.200.6.174","UDP","249","61475  >  50004 Len=207"
"38","0.347238","5.200.6.174","192.168.178.42","UDP","254","50004  >  61475 Len=212"
"39","0.360329","192.168.178.42","5.200.6.174","UDP","244","61475  >  50004 Len=202"
"40","0.362444","5.200.6.174","192.168.178.42","UDP","248","50004  >  61475 Len=206"
"41","0.381943","192.168.178.42","5.200.6.174","UDP","232","61475  >  50004 Len=190"
"42","0.383823","5.200.6.174","192.168.178.42","UDP","257","50004  >  61475 Len=215"
"43","0.399587","192.168.178.42","5.200.6.174","UDP","249","61475  >  50004 Len=207"
"44","0.404235","5.200.6.174","192.168.178.42","UDP","255","50004  >  61475 Len=213"
"45","0.420669","192.168.178.42","5.200.6.174","UDP","258","61475  >  50004 Len=216"
"46","0.428683","5.200.6.174","192.168.178.42","UDP","252","50004  >  61475 Len=210"
"47","0.442469","192.168.178.42","5.200.6.174","UDP","242","61475  >  50004 Len=200"
"48","0.444658","5.200.6.174","192.168.178.42","UDP","259","50004  >  61475 Len=217"
"49","0.458811","192.168.178.42","5.200.6.174","UDP","252","61475  >  50004 Len=210"
"50","0.472520","5.200.6.174","192.168.178.42","UDP","244","50004  >  61475 Len=202"
"51","0.480879","192.168.178.42","5.200.6.174","UDP","244","61475  >  50004 Len=202"
"52","0.503037","192.168.178.42","5.200.6.174","UDP","247","61475  >  50004 Len=205"
"53","0.504244","5.200.6.174","192.168.178.42","UDP","238","50004  >  61475 Len=196"
"54","0.520123","5.200.6.174","192.168.178.42","UDP","243","50004  >  61475 Len=201"
"55","0.520210","192.168.178.42","5.200.6.174","UDP","248","61475  >  50004 Len=206"
"56","0.524155","5.200.6.174","192.168.178.42","UDP","254","50004  >  61475 Len=212"
"57","0.542877","192.168.178.42","5.200.6.174","UDP","238","61475  >  50004 Len=196"
"58","0.547244","5.200.6.174","192.168.178.42","UDP","250","50004  >  61475 Len=208"
"59","0.559500","192.168.178.42","5.200.6.174","UDP","244","61475  >  50004 Len=202"
"60","0.563448","5.200.6.174","192.168.178.42","UDP","235","50004  >  61475 Len=193"
"61","0.581972","192.168.178.42","5.200.6.174","UDP","249","61475  >  50004 Len=207"
"62","0.591536","5.200.6.174","192.168.178.42","UDP","235","50004  >  61475 Len=193"
"63","0.603471","192.168.178.42","5.200.6.174","UDP","255","61475  >  50004 Len=213"
"64","0.617135","5.200.6.174","192.168.178.42","UDP","244","50004  >  61475 Len=202"
"65","0.620478","192.168.178.42","5.200.6.174","UDP","258","61475  >  50004 Len=216"
"66","0.633258","5.200.6.174","192.168.178.42","UDP","238","50004  >  61475 Len=196"
"67","0.642125","192.168.178.42","5.200.6.174","UDP","246","61475  >  50004 Len=204"
"68","0.659169","5.200.6.174","192.168.178.42","UDP","235","50004  >  61475 Len=193"
"69","0.659209","192.168.178.42","5.200.6.174","UDP","242","61475  >  50004 Len=200"
"70","0.670358","5.200.6.174","192.168.178.42","UDP","247","50004  >  61475 Len=205"
"71","0.681274","192.168.178.42","5.200.6.174","UDP","244","61475  >  50004 Len=202"
"72","0.696889","5.200.6.174","192.168.178.42","UDP","250","50004  >  61475 Len=208"
"73","0.704302","192.168.178.42","5.200.6.174","UDP","251","61475  >  50004 Len=209"
"74","0.713084","5.200.6.174","192.168.178.42","UDP","253","50004  >  61475 Len=211"
"75","0.720434","192.168.178.42","5.200.6.174","UDP","247","61475  >  50004 Len=205"
"76","0.724367","HuaweiTe_93:2f:a0","Broadcast","ARP","60","Who has 192.168.178.1? Tell 192.168.178.24"
"77","0.724430","192.168.178.42","5.200.6.174","RTCP","94","Receiver Report   "
"78","0.737252","5.200.6.174","192.168.178.42","UDP","254","50004  >  61475 Len=212"
"79","0.742021","192.168.178.42","5.200.6.174","UDP","242","61475  >  50004 Len=200"
"80","0.745906","5.200.6.174","192.168.178.42","UDP","253","50004  >  61475 Len=211"
"81","0.763583","192.168.178.42","5.200.6.174","UDP","252","61475  >  50004 Len=210"
"82","0.779264","5.200.6.174","192.168.178.42","UDP","248","50004  >  61475 Len=206"
"83","0.781704","192.168.178.42","5.200.6.174","UDP","245","61475  >  50004 Len=203"
"84","0.785457","5.200.6.174","192.168.178.42","UDP","239","50004  >  61475 Len=197"
"85","0.798992","192.168.178.42","5.200.6.174","UDP","235","61475  >  50004 Len=193"
"86","0.822120","5.200.6.174","192.168.178.42","UDP","237","50004  >  61475 Len=195"
"87","0.822158","192.168.178.42","5.200.6.174","UDP","233","61475  >  50004 Len=191"
"88","0.829043","AVMAudio_df:a3:8a","AtherosC_00:00:01","HomePlug AV","60","Qualcomm Atheros, OP_ATTR.REQ (Get Device Attributes Request)"
"89","0.829043","AVMAudio_df:a3:8a","Broadcast","HomePlug AV","60","Qualcomm Atheros, GET_SW.REQ (Get Device/SW Version Request)"
"90","0.829043","AVMAudio_df:a3:8a","Broadcast","0x8912","60","Ethernet II"
"91","0.831804","5.200.6.174","192.168.178.42","UDP","229","50004  >  61475 Len=187"
"92","0.832748","5.200.6.174","192.168.178.42","RTCP","94","Receiver Report   "
"93","0.843615","192.168.178.42","5.200.6.174","UDP","231","61475  >  50004 Len=189"
"94","0.859205","5.200.6.174","192.168.178.42","UDP","236","50004  >  61475 Len=194"
"95","0.859235","192.168.178.42","5.200.6.174","UDP","224","61475  >  50004 Len=182"
"96","0.869365","5.200.6.174","192.168.178.42","UDP","256","50004  >  61475 Len=214"
"97","0.880374","192.168.178.42","5.200.6.174","UDP","230","61475  >  50004 Len=188"
"98","0.899140","5.200.6.174","192.168.178.42","UDP","252","50004  >  61475 Len=210"
"99","0.903071","192.168.178.42","5.200.6.174","UDP","232","61475  >  50004 Len=190"
"100","0.910396","5.200.6.174","192.168.178.42","UDP","254","50004  >  61475 Len=212"
"101","0.920399","192.168.178.42","5.200.6.174","UDP","202","61475  >  50004 Len=160"
"102","0.937035","5.200.6.174","192.168.178.42","UDP","258","50004  >  61475 Len=216"
"103","0.943219","192.168.178.42","5.200.6.174","UDP","209","61475  >  50004 Len=167"
"104","0.951863","5.200.6.174","192.168.178.42","UDP","275","50004  >  61475 Len=233"
"105","0.959258","192.168.178.42","5.200.6.174","UDP","201","61475  >  50004 Len=159"
"106","0.977106","5.200.6.174","192.168.178.42","UDP","243","50004  >  61475 Len=201"
"107","0.981495","192.168.178.42","5.200.6.174","UDP","221","61475  >  50004 Len=179"
"108","0.994462","5.200.6.174","192.168.178.42","UDP","243","50004  >  61475 Len=201"
"109","1.002585","192.168.178.42","5.200.6.174","UDP","222","61475  >  50004 Len=180"
"110","1.017093","5.200.6.174","192.168.178.42","UDP","247","50004  >  61475 Len=205"
"111","1.019342","192.168.178.42","5.200.6.174","UDP","222","61475  >  50004 Len=180"
"112","1.031869","5.200.6.174","192.168.178.42","UDP","204","50004  >  61475 Len=162"
"113","1.040840","192.168.178.42","5.200.6.174","UDP","205","61475  >  50004 Len=163"
"114","1.056918","5.200.6.174","192.168.178.42","UDP","168","50004  >  61475 Len=126"
"115","1.059159","192.168.178.42","5.200.6.174","UDP","163","61475  >  50004 Len=121"
"116","1.069049","5.200.6.174","192.168.178.42","UDP","166","50004  >  61475 Len=124"
"117","1.080272","192.168.178.42","5.200.6.174","UDP","174","61475  >  50004 Len=132"
"118","1.085229","192.168.178.42","162.159.138.234","TLSv1.2","140","Application Data"
"119","1.097031","5.200.6.174","192.168.178.42","UDP","176","50004  >  61475 Len=134"
"120","1.104293","192.168.178.42","5.200.6.174","UDP","85","61475  >  50004 Len=43"
"121","1.109005","5.200.6.174","192.168.178.42","UDP","176","50004  >  61475 Len=134"
"122","1.120871","192.168.178.42","5.200.6.174","UDP","85","61475  >  50004 Len=43"
"123","1.123633","192.168.178.42","162.159.138.234","TLSv1.2","115","Application Data"
"124","1.126753","162.159.138.234","192.168.178.42","TCP","60","443  >  3420 [ACK] Seq=1 Ack=87 Win=70 Len=0"
"125","1.141134","192.168.178.42","5.200.6.174","UDP","85","61475  >  50004 Len=43"
"126","1.144097","5.200.6.174","192.168.178.42","UDP","162","50004  >  61475 Len=120"
"127","1.151680","5.200.6.174","192.168.178.42","UDP","166","50004  >  61475 Len=124"
"128","1.162343","192.168.178.42","5.200.6.174","UDP","85","61475  >  50004 Len=43"
"129","1.165082","162.159.138.234","192.168.178.42","TCP","60","443  >  3420 [ACK] Seq=1 Ack=148 Win=70 Len=0"
"130","1.176155","5.200.6.174","192.168.178.42","UDP","85","50004  >  61475 Len=43"
"131","1.178243","192.168.178.42","5.200.6.174","UDP","85","61475  >  50004 Len=43"
"132","1.192159","5.200.6.174","192.168.178.42","UDP","85","50004  >  61475 Len=43"
"133","1.199412","162.159.138.234","192.168.178.42","TLSv1.2","111","Application Data"
"134","1.199947","192.168.178.42","5.200.6.174","UDP","85","61475  >  50004 Len=43"
"135","1.216194","5.200.6.174","192.168.178.42","UDP","85","50004  >  61475 Len=43"
"136","1.222018","192.168.178.42","5.200.6.174","UDP","85","61475  >  50004 Len=43"
"137","1.228837","5.200.6.174","192.168.178.42","UDP","85","50004  >  61475 Len=43"
"138","1.242427","192.168.178.42","162.159.138.234","TCP","54","3420  >  443 [ACK] Seq=148 Ack=58 Win=1024 Len=0"
"139","1.243440","192.168.178.42","5.200.6.174","UDP","85","61475  >  50004 Len=43"
"140","1.261054","5.200.6.174","192.168.178.42","UDP","85","50004  >  61475 Len=43"
"141","1.261360","192.168.178.42","5.200.6.174","UDP","85","61475  >  50004 Len=43"
"142","1.272194","5.200.6.174","192.168.178.42","UDP","85","50004  >  61475 Len=43"
"143","1.279360","192.168.178.42","5.200.6.174","UDP","85","61475  >  50004 Len=43"
"144","1.295919","5.200.6.174","192.168.178.42","UDP","85","50004  >  61475 Len=43"
"145","1.301930","5.200.6.174","192.168.178.42","UDP","85","50004  >  61475 Len=43"
"146","1.324587","5.200.6.174","192.168.178.42","UDP","85","50004  >  61475 Len=43"
"147","1.348673","5.200.6.174","192.168.178.42","UDP","85","50004  >  61475 Len=43"
"148","1.833121","5.200.6.174","192.168.178.42","RTCP","94","Receiver Report   "
"149","2.122527","5.200.6.174","192.168.178.42","UDP","158","50004  >  61475 Len=116"
"150","2.149477","5.200.6.174","192.168.178.42","UDP","172","50004  >  61475 Len=130"
"151","2.163431","5.200.6.174","192.168.178.42","UDP","172","50004  >  61475 Len=130"
"152","2.181425","5.200.6.174","192.168.178.42","UDP","165","50004  >  61475 Len=123"
"153","2.203677","5.200.6.174","192.168.178.42","UDP","158","50004  >  61475 Len=116"
"154","2.222220","5.200.6.174","192.168.178.42","UDP","175","50004  >  61475 Len=133"
"155","2.250731","5.200.6.174","192.168.178.42","UDP","181","50004  >  61475 Len=139"
"156","2.265384","5.200.6.174","192.168.178.42","UDP","171","50004  >  61475 Len=129"
"157","2.281666","5.200.6.174","192.168.178.42","UDP","179","50004  >  61475 Len=137"
"158","2.299926","5.200.6.174","192.168.178.42","UDP","172","50004  >  61475 Len=130"
"159","2.320605","5.200.6.174","192.168.178.42","UDP","178","50004  >  61475 Len=136"
"160","2.338252","5.200.6.174","192.168.178.42","UDP","175","50004  >  61475 Len=133"
"161","2.362657","5.200.6.174","192.168.178.42","UDP","168","50004  >  61475 Len=126"
"162","2.380460","5.200.6.174","192.168.178.42","UDP","174","50004  >  61475 Len=132"
"163","2.402419","192.168.178.42","5.200.6.174","UDP","127","61475  >  50004 Len=85"
"164","2.403266","192.168.178.42","162.159.138.234","TLSv1.2","140","Application Data"
"165","2.404890","5.200.6.174","192.168.178.42","UDP","170","50004  >  61475 Len=128"
"166","2.421385","5.200.6.174","192.168.178.42","UDP","173","50004  >  61475 Len=131"
"167","2.424407","192.168.178.42","5.200.6.174","UDP","127","61475  >  50004 Len=85"
"168","2.441786","192.168.178.42","5.200.6.174","UDP","127","61475  >  50004 Len=85"
"169","2.449278","5.200.6.174","192.168.178.42","UDP","165","50004  >  61475 Len=123"
"170","2.463385","192.168.178.42","5.200.6.174","UDP","167","61475  >  50004 Len=125"
"171","2.463549","5.200.6.174","192.168.178.42","UDP","163","50004  >  61475 Len=121"
"172","2.481301","192.168.178.42","5.200.6.174","UDP","214","61475  >  50004 Len=172"
"173","2.483283","5.200.6.174","192.168.178.42","UDP","166","50004  >  61475 Len=124"
"174","2.500306","5.200.6.174","192.168.178.42","UDP","163","50004  >  61475 Len=121"
"175","2.503768","192.168.178.42","5.200.6.174","UDP","231","61475  >  50004 Len=189"
"176","2.506687","162.159.138.234","192.168.178.42","TCP","60","443  >  3420 [ACK] Seq=58 Ack=234 Win=70 Len=0"
"177","2.521196","192.168.178.42","5.200.6.174","UDP","231","61475  >  50004 Len=189"
"178","2.526315","5.200.6.174","192.168.178.42","UDP","167","50004  >  61475 Len=125"
"179","2.542674","192.168.178.42","5.200.6.174","UDP","235","61475  >  50004 Len=193"
"180","2.547793","5.200.6.174","192.168.178.42","UDP","168","50004  >  61475 Len=126"
"181","2.564174","5.200.6.174","192.168.178.42","UDP","162","50004  >  61475 Len=120"
"182","2.564222","192.168.178.42","5.200.6.174","UDP","235","61475  >  50004 Len=193"
"183","2.579563","5.200.6.174","192.168.178.42","UDP","175","50004  >  61475 Len=133"
"184","2.581325","192.168.178.42","5.200.6.174","UDP","221","61475  >  50004 Len=179"
"185","2.603081","5.200.6.174","192.168.178.42","UDP","163","50004  >  61475 Len=121"
"186","2.603191","192.168.178.42","5.200.6.174","UDP","243","61475  >  50004 Len=201"
"187","2.620780","192.168.178.42","5.200.6.174","UDP","236","61475  >  50004 Len=194"
"188","2.620783","5.200.6.174","192.168.178.42","UDP","168","50004  >  61475 Len=126"
"189","2.639720","5.200.6.174","192.168.178.42","UDP","153","50004  >  61475 Len=111"
"190","2.643135","192.168.178.42","5.200.6.174","UDP","236","61475  >  50004 Len=194"
"191","2.659626","192.168.178.42","5.200.6.174","UDP","239","61475  >  50004 Len=197"
"192","2.659660","5.200.6.174","192.168.178.42","UDP","161","50004  >  61475 Len=119"
"193","2.665456","192.168.178.42","162.159.138.234","TLSv1.2","140","Application Data"
"194","2.680479","192.168.178.42","5.200.6.174","UDP","85","61475  >  50004 Len=43"
"195","2.680663","5.200.6.174","192.168.178.42","UDP","171","50004  >  61475 Len=129"
"196","2.701669","192.168.178.42","5.200.6.174","UDP","85","61475  >  50004 Len=43"
"197","2.704421","5.200.6.174","192.168.178.42","UDP","158","50004  >  61475 Len=116"
"198","2.706892","162.159.138.234","192.168.178.42","TCP","60","443  >  3420 [ACK] Seq=58 Ack=320 Win=70 Len=0"
"199","2.720284","5.200.6.174","192.168.178.42","UDP","162","50004  >  61475 Len=120"
"200","2.723606","192.168.178.42","5.200.6.174","UDP","85","61475  >  50004 Len=43"
"201","2.729801","192.168.178.42","5.200.6.174","RTCP","102","Sender Report   "
"202","2.741038","192.168.178.42","5.200.6.174","UDP","85","61475  >  50004 Len=43"
"203","2.744314","5.200.6.174","192.168.178.42","UDP","161","50004  >  61475 Len=119"
"204","2.761858","5.200.6.174","192.168.178.42","UDP","164","50004  >  61475 Len=122"
"205","2.763738","192.168.178.42","5.200.6.174","UDP","85","61475  >  50004 Len=43"
"206","2.779876","192.168.178.42","5.200.6.174","UDP","85","61475  >  50004 Len=43"
"207","2.780498","5.200.6.174","192.168.178.42","UDP","169","50004  >  61475 Len=127"
"208","2.801692","192.168.178.42","5.200.6.174","UDP","50","61475  >  50004 Len=8"
"209","2.802722","192.168.178.42","5.200.6.174","UDP","85","61475  >  50004 Len=43"
"210","2.804177","5.200.6.174","192.168.178.42","UDP","159","50004  >  61475 Len=117"
"211","2.818874","192.168.178.42","5.200.6.174","UDP","85","61475  >  50004 Len=43"
"212","2.819044","5.200.6.174","192.168.178.42","UDP","166","50004  >  61475 Len=124"
"213","2.829798","AVMAudio_df:a3:8a","AtherosC_00:00:01","HomePlug AV","60","Qualcomm Atheros, OP_ATTR.REQ (Get Device Attributes Request)"
"214","2.829798","AVMAudio_df:a3:8a","Broadcast","HomePlug AV","60","Qualcomm Atheros, GET_SW.REQ (Get Device/SW Version Request)"
"215","2.829798","AVMAudio_df:a3:8a","Broadcast","0x8912","60","Ethernet II"
"216","2.837675","5.200.6.174","192.168.178.42","RTCP","94","Receiver Report   "
"217","2.841438","192.168.178.42","5.200.6.174","UDP","85","61475  >  50004 Len=43"
"218","2.860095","5.200.6.174","192.168.178.42","UDP","172","50004  >  61475 Len=130"
"219","2.863577","192.168.178.42","5.200.6.174","UDP","85","61475  >  50004 Len=43"
"220","2.864918","5.200.6.174","192.168.178.42","UDP","60","50004  >  61475 Len=8"
"221","2.866984","5.200.6.174","192.168.178.42","UDP","166","50004  >  61475 Len=124"
"222","2.877697","5.200.6.174","192.168.178.42","UDP","165","50004  >  61475 Len=123"
"223","2.907511","5.200.6.174","192.168.178.42","UDP","163","50004  >  61475 Len=121"
"224","2.919048","5.200.6.174","192.168.178.42","UDP","161","50004  >  61475 Len=119"
"225","2.936376","5.200.6.174","192.168.178.42","UDP","157","50004  >  61475 Len=115"
"226","2.984442","5.200.6.174","192.168.178.42","UDP","161","50004  >  61475 Len=119"
"227","2.984442","5.200.6.174","192.168.178.42","UDP","159","50004  >  61475 Len=117"
"228","3.003546","5.200.6.174","192.168.178.42","UDP","161","50004  >  61475 Len=119"
"229","3.022106","5.200.6.174","192.168.178.42","UDP","166","50004  >  61475 Len=124"
"230","3.039451","5.200.6.174","192.168.178.42","UDP","167","50004  >  61475 Len=125"
"231","3.066355","5.200.6.174","192.168.178.42","UDP","161","50004  >  61475 Len=119"
"232","3.087180","5.200.6.174","192.168.178.42","UDP","159","50004  >  61475 Len=117"
"233","3.109758","5.200.6.174","192.168.178.42","UDP","166","50004  >  61475 Len=124"
"234","3.119997","5.200.6.174","192.168.178.42","UDP","177","50004  >  61475 Len=135"
"235","3.142084","5.200.6.174","192.168.178.42","UDP","164","50004  >  61475 Len=122"
"236","3.158692","5.200.6.174","192.168.178.42","UDP","167","50004  >  61475 Len=125"
"237","3.190405","5.200.6.174","192.168.178.42","UDP","168","50004  >  61475 Len=126"
"238","3.205326","5.200.6.174","192.168.178.42","UDP","178","50004  >  61475 Len=136"
"239","3.224811","5.200.6.174","192.168.178.42","UDP","161","50004  >  61475 Len=119"
"240","3.244029","5.200.6.174","192.168.178.42","UDP","157","50004  >  61475 Len=115"
"241","3.264540","5.200.6.174","192.168.178.42","UDP","164","50004  >  61475 Len=122"
"242","3.284739","5.200.6.174","192.168.178.42","UDP","152","50004  >  61475 Len=110"
"243","3.302330","5.200.6.174","192.168.178.42","UDP","147","50004  >  61475 Len=105"
"244","3.320344","5.200.6.174","192.168.178.42","UDP","162","50004  >  61475 Len=120"
"245","3.344598","5.200.6.174","192.168.178.42","UDP","168","50004  >  61475 Len=126"
"246","3.358739","5.200.6.174","192.168.178.42","UDP","172","50004  >  61475 Len=130"
"247","3.382200","5.200.6.174","192.168.178.42","UDP","163","50004  >  61475 Len=121"
"248","3.405427","5.200.6.174","192.168.178.42","UDP","176","50004  >  61475 Len=134"
"249","3.426115","5.200.6.174","192.168.178.42","UDP","162","50004  >  61475 Len=120"
"250","3.447852","5.200.6.174","192.168.178.42","UDP","162","50004  >  61475 Len=120"
"251","3.461159","5.200.6.174","192.168.178.42","UDP","165","50004  >  61475 Len=123"
"252","3.484551","5.200.6.174","192.168.178.42","UDP","163","50004  >  61475 Len=121"
"253","3.501890","5.200.6.174","192.168.178.42","UDP","165","50004  >  61475 Len=123"
"254","3.522840","5.200.6.174","192.168.178.42","UDP","162","50004  >  61475 Len=120"
"255","3.540993","5.200.6.174","192.168.178.42","UDP","161","50004  >  61475 Len=119"
"256","3.566644","5.200.6.174","192.168.178.42","UDP","153","50004  >  61475 Len=111"
"257","3.579712","5.200.6.174","192.168.178.42","UDP","162","50004  >  61475 Len=120"
"258","3.603198","5.200.6.174","192.168.178.42","UDP","157","50004  >  61475 Len=115"
"259","3.620774","5.200.6.174","192.168.178.42","UDP","162","50004  >  61475 Len=120"
"260","3.643346","5.200.6.174","192.168.178.42","UDP","159","50004  >  61475 Len=117"
"261","3.659275","5.200.6.174","192.168.178.42","UDP","77","50004  >  61475 Len=35"
"262","3.685455","5.200.6.174","192.168.178.42","UDP","77","50004  >  61475 Len=35"
"263","3.701138","5.200.6.174","192.168.178.42","UDP","77","50004  >  61475 Len=35"
"264","3.718438","5.200.6.174","192.168.178.42","UDP","77","50004  >  61475 Len=35"
"265","3.743046","5.200.6.174","192.168.178.42","UDP","77","50004  >  61475 Len=35"
"266","3.761034","5.200.6.174","192.168.178.42","UDP","77","50004  >  61475 Len=35"
"267","3.781740","5.200.6.174","192.168.178.42","UDP","77","50004  >  61475 Len=35"
"268","3.801638","5.200.6.174","192.168.178.42","UDP","77","50004  >  61475 Len=35"
"269","3.817662","5.200.6.174","192.168.178.42","UDP","77","50004  >  61475 Len=35"
"270","3.837058","5.200.6.174","192.168.178.42","RTCP","94","Receiver Report   "
"271","3.844468","5.200.6.174","192.168.178.42","UDP","77","50004  >  61475 Len=35"
"272","4.028768","5.200.6.174","192.168.178.42","UDP","150","50004  >  61475 Len=108"
"273","4.055911","5.200.6.174","192.168.178.42","UDP","152","50004  >  61475 Len=110"
"274","4.068671","5.200.6.174","192.168.178.42","UDP","149","50004  >  61475 Len=107"
"275","4.095692","5.200.6.174","192.168.178.42","UDP","147","50004  >  61475 Len=105"
"276","4.109813","5.200.6.174","192.168.178.42","UDP","149","50004  >  61475 Len=107"
"277","4.138487","5.200.6.174","192.168.178.42","UDP","154","50004  >  61475 Len=112"
"278","4.152815","192.168.178.42","52.114.88.29","TLSv1.2","858","Application Data"
"279","4.152860","192.168.178.42","52.114.88.29","TLSv1.2","758","Application Data"
"280","4.153003","5.200.6.174","192.168.178.42","UDP","146","50004  >  61475 Len=104"
"281","4.177105","5.200.6.174","192.168.178.42","UDP","194","50004  >  61475 Len=152"
"282","4.194324","5.200.6.174","192.168.178.42","UDP","262","50004  >  61475 Len=220"
"283","4.218352","5.200.6.174","192.168.178.42","UDP","266","50004  >  61475 Len=224"
"284","4.221359","52.114.88.29","192.168.178.42","TCP","60","443  >  3555 [ACK] Seq=1 Ack=1509 Win=1026 Len=0"
"285","4.225941","52.114.88.29","192.168.178.42","TLSv1.2","479","Application Data"
"286","4.238910","5.200.6.174","192.168.178.42","UDP","255","50004  >  61475 Len=213"
"287","4.264288","5.200.6.174","192.168.178.42","UDP","252","50004  >  61475 Len=210"
"288","4.269271","192.168.178.42","52.114.88.29","TCP","54","3555  >  443 [ACK] Seq=1509 Ack=426 Win=1024 Len=0"
"289","4.273226","5.200.6.174","192.168.178.42","UDP","262","50004  >  61475 Len=220"
"290","4.296310","5.200.6.174","192.168.178.42","UDP","267","50004  >  61475 Len=225"
"291","4.303965","5.200.6.174","192.168.178.42","UDP","263","50004  >  61475 Len=221"
"292","4.342521","5.200.6.174","192.168.178.42","UDP","244","50004  >  61475 Len=202"
"293","4.350102","5.200.6.174","192.168.178.42","UDP","243","50004  >  61475 Len=201"
"294","4.376361","5.200.6.174","192.168.178.42","UDP","235","50004  >  61475 Len=193"
"295","4.390611","5.200.6.174","192.168.178.42","UDP","230","50004  >  61475 Len=188"
"296","4.399453","51.132.208.181","192.168.178.42","TCP","60","443  >  3512 [RST, ACK] Seq=1 Ack=1 Win=0 Len=0"
"297","4.421797","5.200.6.174","192.168.178.42","UDP","252","50004  >  61475 Len=210"
"298","4.429435","5.200.6.174","192.168.178.42","UDP","246","50004  >  61475 Len=204"
"299","4.443829","5.200.6.174","192.168.178.42","UDP","241","50004  >  61475 Len=199"
"300","4.473312","5.200.6.174","192.168.178.42","UDP","257","50004  >  61475 Len=215"
"301","4.507042","5.200.6.174","192.168.178.42","UDP","253","50004  >  61475 Len=211"
"302","4.514677","5.200.6.174","192.168.178.42","UDP","263","50004  >  61475 Len=221"
"303","4.537795","5.200.6.174","192.168.178.42","UDP","257","50004  >  61475 Len=215"
"304","4.553208","5.200.6.174","192.168.178.42","UDP","257","50004  >  61475 Len=215"
"305","4.578790","5.200.6.174","192.168.178.42","UDP","255","50004  >  61475 Len=213"
"306","4.589044","5.200.6.174","192.168.178.42","UDP","253","50004  >  61475 Len=211"
"307","4.607191","5.200.6.174","192.168.178.42","UDP","251","50004  >  61475 Len=209"
"308","4.631954","5.200.6.174","192.168.178.42","UDP","257","50004  >  61475 Len=215"
"309","4.645256","5.200.6.174","192.168.178.42","UDP","242","50004  >  61475 Len=200"
"310","4.677939","5.200.6.174","192.168.178.42","UDP","242","50004  >  61475 Len=200"
"311","4.697342","5.200.6.174","192.168.178.42","UDP","257","50004  >  61475 Len=215"
"312","4.718715","5.200.6.174","192.168.178.42","UDP","257","50004  >  61475 Len=215"
"313","4.738897","5.200.6.174","192.168.178.42","UDP","250","50004  >  61475 Len=208"
"314","4.750478","5.200.6.174","192.168.178.42","UDP","252","50004  >  61475 Len=210"
"315","4.779459","5.200.6.174","192.168.178.42","UDP","244","50004  >  61475 Len=202"
"316","4.791206","5.200.6.174","192.168.178.42","UDP","240","50004  >  61475 Len=198"
"317","4.818196","5.200.6.174","192.168.178.42","UDP","245","50004  >  61475 Len=203"
"318","4.830500","AVMAudio_df:a3:8a","AtherosC_00:00:01","HomePlug AV","60","Qualcomm Atheros, OP_ATTR.REQ (Get Device Attributes Request)"
"319","4.830500","AVMAudio_df:a3:8a","Broadcast","HomePlug AV","60","Qualcomm Atheros, GET_SW.REQ (Get Device/SW Version Request)"
"320","4.830554","AVMAudio_df:a3:8a","Broadcast","0x8912","60","Ethernet II"
"321","4.833395","5.200.6.174","192.168.178.42","UDP","246","50004  >  61475 Len=204"
"322","4.836778","5.200.6.174","192.168.178.42","RTCP","94","Receiver Report   Receiver Report   [Malformed Packet]"
"323","4.864189","5.200.6.174","192.168.178.42","UDP","257","50004  >  61475 Len=215"
"324","4.870602","5.200.6.174","192.168.178.42","UDP","240","50004  >  61475 Len=198"
"325","4.896848","5.200.6.174","192.168.178.42","UDP","237","50004  >  61475 Len=195"
"326","4.911896","5.200.6.174","192.168.178.42","UDP","248","50004  >  61475 Len=206"
"327","4.939924","5.200.6.174","192.168.178.42","UDP","231","50004  >  61475 Len=189"
"328","4.949266","5.200.6.174","192.168.178.42","UDP","239","50004  >  61475 Len=197"
"329","4.985184","192.168.178.42","192.168.178.23","TCP","164","6557  >  8009 [PSH, ACK] Seq=1 Ack=1 Win=1021 Len=110 [TCP segment of a reassembled PDU]"
"330","4.986978","5.200.6.174","192.168.178.42","UDP","253","50004  >  61475 Len=211"
"331","4.990646","5.200.6.174","192.168.178.42","UDP","249","50004  >  61475 Len=207"
"332","5.002213","192.168.178.23","192.168.178.42","TCP","164","8009  >  6557 [PSH, ACK] Seq=1 Ack=111 Win=1386 Len=110 [TCP segment of a reassembled PDU]"
"333","5.018129","5.200.6.174","192.168.178.42","UDP","247","50004  >  61475 Len=205"
"334","5.031824","5.200.6.174","192.168.178.42","UDP","250","50004  >  61475 Len=208"
"335","5.046148","192.168.178.42","192.168.178.23","TCP","54","6557  >  8009 [ACK] Seq=111 Ack=111 Win=1020 Len=0"
"336","5.049297","204.79.197.203","192.168.178.42","TCP","60","443  >  3515 [RST, ACK] Seq=1 Ack=1 Win=0 Len=0"
"337","5.059719","5.200.6.174","192.168.178.42","UDP","257","50004  >  61475 Len=215"
"338","5.072017","5.200.6.174","192.168.178.42","UDP","257","50004  >  61475 Len=215"
"339","5.096816","5.200.6.174","192.168.178.42","UDP","254","50004  >  61475 Len=212"
"340","5.110960","5.200.6.174","192.168.178.42","UDP","243","50004  >  61475 Len=201"
"341","5.137288","5.200.6.174","192.168.178.42","UDP","248","50004  >  61475 Len=206"
"342","5.152028","5.200.6.174","192.168.178.42","UDP","251","50004  >  61475 Len=209"
"343","5.176950","5.200.6.174","192.168.178.42","UDP","235","50004  >  61475 Len=193"
"344","5.187915","5.200.6.174","192.168.178.42","UDP","241","50004  >  61475 Len=199"
"345","5.222048","5.200.6.174","192.168.178.42","UDP","233","50004  >  61475 Len=191"
"346","5.230214","5.200.6.174","192.168.178.42","UDP","225","50004  >  61475 Len=183"
"347","5.257304","5.200.6.174","192.168.178.42","UDP","214","50004  >  61475 Len=172"
"348","5.269035","5.200.6.174","192.168.178.42","UDP","188","50004  >  61475 Len=146"
"349","5.296915","5.200.6.174","192.168.178.42","UDP","186","50004  >  61475 Len=144"
"350","5.319134","5.200.6.174","192.168.178.42","UDP","176","50004  >  61475 Len=134"
"351","5.335809","5.200.6.174","192.168.178.42","UDP","85","50004  >  61475 Len=43"
"352","5.350047","5.200.6.174","192.168.178.42","UDP","85","50004  >  61475 Len=43"
"353","5.376052","5.200.6.174","192.168.178.42","UDP","85","50004  >  61475 Len=43"
"354","5.396095","5.200.6.174","192.168.178.42","UDP","85","50004  >  61475 Len=43"
"355","5.416274","5.200.6.174","192.168.178.42","UDP","85","50004  >  61475 Len=43"
"356","5.444329","5.200.6.174","192.168.178.42","UDP","85","50004  >  61475 Len=43"
"357","5.459851","5.200.6.174","192.168.178.42","UDP","251","50004  >  61475 Len=209"
"358","5.467921","5.200.6.174","192.168.178.42","UDP","242","50004  >  61475 Len=200"
"359","5.485285","5.200.6.174","192.168.178.42","UDP","240","50004  >  61475 Len=198"
"360","5.502825","5.200.6.174","192.168.178.42","UDP","247","50004  >  61475 Len=205"
"361","5.524163","5.200.6.174","192.168.178.42","UDP","249","50004  >  61475 Len=207"
"362","5.547899","5.200.6.174","192.168.178.42","UDP","228","50004  >  61475 Len=186"
"363","5.577218","5.200.6.174","192.168.178.42","UDP","216","50004  >  61475 Len=174"
"364","5.587251","5.200.6.174","192.168.178.42","UDP","191","50004  >  61475 Len=149"
"365","5.619321","5.200.6.174","192.168.178.42","UDP","258","50004  >  61475 Len=216"
"366","5.629703","5.200.6.174","192.168.178.42","UDP","256","50004  >  61475 Len=214"
"367","5.657764","5.200.6.174","192.168.178.42","UDP","266","50004  >  61475 Len=224"
"368","5.670980","5.200.6.174","192.168.178.42","UDP","251","50004  >  61475 Len=209"
"369","5.698048","5.200.6.174","192.168.178.42","UDP","255","50004  >  61475 Len=213"
"370","5.720579","5.200.6.174","192.168.178.42","UDP","253","50004  >  61475 Len=211"
"371","5.736871","5.200.6.174","192.168.178.42","UDP","250","50004  >  61475 Len=208"
"372","5.752003","5.200.6.174","192.168.178.42","UDP","255","50004  >  61475 Len=213"
"373","5.777736","5.200.6.174","192.168.178.42","UDP","241","50004  >  61475 Len=199"
"374","5.786497","5.200.6.174","192.168.178.42","UDP","236","50004  >  61475 Len=194"
"375","5.816782","5.200.6.174","192.168.178.42","UDP","255","50004  >  61475 Len=213"
"376","5.824856","5.200.6.174","192.168.178.42","UDP","250","50004  >  61475 Len=208"
"377","5.837292","5.200.6.174","192.168.178.42","RTCP","94","Receiver Report   "
"378","5.861870","5.200.6.174","192.168.178.42","UDP","257","50004  >  61475 Len=215"
"379","5.870430","5.200.6.174","192.168.178.42","UDP","256","50004  >  61475 Len=214"
"380","5.886165","192.168.178.42","5.200.6.174","RTCP","102","Sender Report   "
"381","5.891958","192.168.178.42","5.200.6.174","RTCP","94","Receiver Report   "
"382","5.904280","5.200.6.174","192.168.178.42","UDP","253","50004  >  61475 Len=211"
"383","5.910994","5.200.6.174","192.168.178.42","UDP","243","50004  >  61475 Len=201"
"384","5.943830","5.200.6.174","192.168.178.42","UDP","251","50004  >  61475 Len=209"
"385","5.951153","5.200.6.174","192.168.178.42","UDP","259","50004  >  61475 Len=217"
"386","5.977224","5.200.6.174","192.168.178.42","UDP","241","50004  >  61475 Len=199"
"387","5.985098","5.200.6.174","192.168.178.42","UDP","250","50004  >  61475 Len=208"
"388","6.022298","5.200.6.174","192.168.178.42","UDP","256","50004  >  61475 Len=214"
"389","6.031553","5.200.6.174","192.168.178.42","UDP","251","50004  >  61475 Len=209"
"390","6.057070","5.200.6.174","192.168.178.42","UDP","243","50004  >  61475 Len=201"
"391","6.069884","5.200.6.174","192.168.178.42","UDP","263","50004  >  61475 Len=221"
"392","6.097015","5.200.6.174","192.168.178.42","UDP","244","50004  >  61475 Len=202"
"393","6.140039","5.200.6.174","192.168.178.42","UDP","255","50004  >  61475 Len=213"
"394","6.140039","5.200.6.174","192.168.178.42","UDP","248","50004  >  61475 Len=206"
"395","6.153569","5.200.6.174","192.168.178.42","UDP","254","50004  >  61475 Len=212"
"396","6.177398","5.200.6.174","192.168.178.42","UDP","250","50004  >  61475 Len=208"
"397","6.190399","5.200.6.174","192.168.178.42","UDP","263","50004  >  61475 Len=221"
"398","6.197271","5.200.6.174","192.168.178.42","UDP","160","50004  >  61475 Len=118"
"399","6.197271","5.200.6.174","192.168.178.42","UDP","158","50004  >  61475 Len=116"
"400","6.216562","5.200.6.174","192.168.178.42","UDP","261","50004  >  61475 Len=219"
"401","6.223565","5.200.6.174","192.168.178.42","UDP","146","50004  >  61475 Len=104"
"402","6.231555","5.200.6.174","192.168.178.42","UDP","250","50004  >  61475 Len=208"
"403","6.239094","5.200.6.174","192.168.178.42","UDP","142","50004  >  61475 Len=100"
"404","6.256859","5.200.6.174","192.168.178.42","UDP","238","50004  >  61475 Len=196"
"405","6.257804","5.200.6.174","192.168.178.42","UDP","152","50004  >  61475 Len=110"
"406","6.275730","5.200.6.174","192.168.178.42","UDP","237","50004  >  61475 Len=195"
"407","6.287800","5.200.6.174","192.168.178.42","UDP","170","50004  >  61475 Len=128"
"408","6.296938","5.200.6.174","192.168.178.42","UDP","258","50004  >  61475 Len=216"
"409","6.298771","5.200.6.174","192.168.178.42","UDP","163","50004  >  61475 Len=121"
"410","6.310626","5.200.6.174","192.168.178.42","UDP","259","50004  >  61475 Len=217"
"411","6.317017","5.200.6.174","192.168.178.42","UDP","170","50004  >  61475 Len=128"
"412","6.344105","5.200.6.174","192.168.178.42","UDP","241","50004  >  61475 Len=199"
"413","6.344105","5.200.6.174","192.168.178.42","UDP","167","50004  >  61475 Len=125"
"414","6.350139","5.200.6.174","192.168.178.42","UDP","238","50004  >  61475 Len=196"
"415","6.356565","5.200.6.174","192.168.178.42","UDP","171","50004  >  61475 Len=129"
"416","6.360378","CompalIn_06:eb:e5","LLDP_Multicast","LLDP","176","LA/brunofrancesco LA/port-001 20 SysN=BRUNOFRANCESCO SysD=Acer Aspire A515-51G,V1.15,NXGVMET009811087E33400 RTClass3 Port Status = OFF"
"417","6.364965","5.200.6.174","192.168.178.42","UDP","239","50004  >  61475 Len=197"
"418","6.379826","5.200.6.174","192.168.178.42","UDP","175","50004  >  61475 Len=133"
"419","6.379826","5.200.6.174","192.168.178.42","UDP","238","50004  >  61475 Len=196"
"420","6.400259","5.200.6.174","192.168.178.42","UDP","160","50004  >  61475 Len=118"
"421","6.406300","204.79.197.200","192.168.178.42","TCP","60","443  >  3514 [RST, ACK] Seq=1 Ack=1 Win=0 Len=0"
"422","6.419735","5.200.6.174","192.168.178.42","UDP","170","50004  >  61475 Len=128"
"423","6.436004","5.200.6.174","192.168.178.42","UDP","251","50004  >  61475 Len=209"
"424","6.436004","5.200.6.174","192.168.178.42","UDP","251","50004  >  61475 Len=209"
"425","6.436846","5.200.6.174","192.168.178.42","UDP","169","50004  >  61475 Len=127"
"426","6.455633","5.200.6.174","192.168.178.42","UDP","167","50004  >  61475 Len=125"
"427","6.457743","5.200.6.174","192.168.178.42","UDP","262","50004  >  61475 Len=220"
"428","6.463962","5.200.6.174","192.168.178.42","UDP","238","50004  >  61475 Len=196"
"429","6.486502","5.200.6.174","192.168.178.42","UDP","170","50004  >  61475 Len=128"
"430","6.498751","5.200.6.174","192.168.178.42","UDP","171","50004  >  61475 Len=129"
"431","6.516926","5.200.6.174","192.168.178.42","UDP","236","50004  >  61475 Len=194"
"432","6.520963","5.200.6.174","192.168.178.42","UDP","172","50004  >  61475 Len=130"
"433","6.520963","5.200.6.174","192.168.178.42","UDP","242","50004  >  61475 Len=200"
"434","6.544234","5.200.6.174","192.168.178.42","UDP","239","50004  >  61475 Len=197"
"435","6.549225","5.200.6.174","192.168.178.42","UDP","174","50004  >  61475 Len=132"
"436","6.552583","AVMAudio_df:a3:8a","Broadcast","ARP","60","Who has 192.168.178.33? Tell 192.168.178.1"
"437","6.554541","5.200.6.174","192.168.178.42","UDP","247","50004  >  61475 Len=205"
"438","6.555423","5.200.6.174","192.168.178.42","UDP","178","50004  >  61475 Len=136"
"439","6.576883","5.200.6.174","192.168.178.42","UDP","243","50004  >  61475 Len=201"
"440","6.578790","5.200.6.174","192.168.178.42","UDP","181","50004  >  61475 Len=139"
"441","6.597126","5.200.6.174","192.168.178.42","UDP","182","50004  >  61475 Len=140"
"442","6.597893","5.200.6.174","192.168.178.42","UDP","247","50004  >  61475 Len=205"
"443","6.617068","5.200.6.174","192.168.178.42","UDP","248","50004  >  61475 Len=206"
"444","6.618913","5.200.6.174","192.168.178.42","UDP","147","50004  >  61475 Len=105"
"445","6.633002","5.200.6.174","192.168.178.42","UDP","249","50004  >  61475 Len=207"
"446","6.636280","5.200.6.174","192.168.178.42","UDP","169","50004  >  61475 Len=127"
"447","6.656872","5.200.6.174","192.168.178.42","UDP","244","50004  >  61475 Len=202"
"448","6.660750","5.200.6.174","192.168.178.42","UDP","169","50004  >  61475 Len=127"
"449","6.667304","5.200.6.174","192.168.178.42","UDP","245","50004  >  61475 Len=203"
"450","6.677463","5.200.6.174","192.168.178.42","UDP","165","50004  >  61475 Len=123"
"451","6.700618","5.200.6.174","192.168.178.42","UDP","172","50004  >  61475 Len=130"
"452","6.720180","5.200.6.174","192.168.178.42","UDP","170","50004  >  61475 Len=128"
"453","6.721245","5.200.6.174","192.168.178.42","UDP","252","50004  >  61475 Len=210"
"454","6.737177","5.200.6.174","192.168.178.42","UDP","247","50004  >  61475 Len=205"
"455","6.739509","5.200.6.174","192.168.178.42","UDP","246","50004  >  61475 Len=204"
"456","6.740353","5.200.6.174","192.168.178.42","UDP","179","50004  >  61475 Len=137"
"457","6.745282","5.200.6.174","192.168.178.42","UDP","256","50004  >  61475 Len=214"
"458","6.755849","5.200.6.174","192.168.178.42","UDP","173","50004  >  61475 Len=131"
"459","6.764709","5.200.6.174","192.168.178.42","UDP","247","50004  >  61475 Len=205"
"460","6.784269","5.200.6.174","192.168.178.42","UDP","169","50004  >  61475 Len=127"
"461","6.792277","5.200.6.174","192.168.178.42","UDP","240","50004  >  61475 Len=198"
"462","6.800172","5.200.6.174","192.168.178.42","UDP","165","50004  >  61475 Len=123"
"463","6.816774","5.200.6.174","192.168.178.42","UDP","252","50004  >  61475 Len=210"
"464","6.821846","5.200.6.174","192.168.178.42","UDP","177","50004  >  61475 Len=135"
"465","6.831602","AVMAudio_df:a3:8a","AtherosC_00:00:01","HomePlug AV","60","Qualcomm Atheros, OP_ATTR.REQ (Get Device Attributes Request)"
"466","6.831602","AVMAudio_df:a3:8a","Broadcast","HomePlug AV","60","Qualcomm Atheros, GET_SW.REQ (Get Device/SW Version Request)"
"467","6.831602","AVMAudio_df:a3:8a","Broadcast","0x8912","60","Ethernet II"
"468","6.835276","5.200.6.174","192.168.178.42","UDP","230","50004  >  61475 Len=188"
"469","6.837090","5.200.6.174","192.168.178.42","RTCP","94","Receiver Report   "
"470","6.839863","5.200.6.174","192.168.178.42","UDP","174","50004  >  61475 Len=132"
"471","6.856869","5.200.6.174","192.168.178.42","UDP","221","50004  >  61475 Len=179"
"472","6.856869","5.200.6.174","192.168.178.42","UDP","171","50004  >  61475 Len=129"
"473","6.871289","5.200.6.174","192.168.178.42","UDP","233","50004  >  61475 Len=191"
"474","6.876852","5.200.6.174","192.168.178.42","UDP","162","50004  >  61475 Len=120"
"475","6.896917","5.200.6.174","192.168.178.42","UDP","254","50004  >  61475 Len=212"
"476","6.899693","5.200.6.174","192.168.178.42","UDP","165","50004  >  61475 Len=123"
"477","6.914052","5.200.6.174","192.168.178.42","UDP","225","50004  >  61475 Len=183"
"478","6.916872","5.200.6.174","192.168.178.42","UDP","167","50004  >  61475 Len=125"
"479","6.938977","5.200.6.174","192.168.178.42","UDP","225","50004  >  61475 Len=183"
"480","6.944727","5.200.6.174","192.168.178.42","UDP","161","50004  >  61475 Len=119"
"481","6.953645","5.200.6.174","192.168.178.42","UDP","239","50004  >  61475 Len=197"
"482","6.960157","5.200.6.174","192.168.178.42","UDP","149","50004  >  61475 Len=107"
"483","6.962557","192.168.178.42","5.200.6.174","RTCP","94","Receiver Report   "
"484","6.977216","5.200.6.174","192.168.178.42","UDP","241","50004  >  61475 Len=199"
"485","6.990673","5.200.6.174","192.168.178.42","UDP","152","50004  >  61475 Len=110"
"486","6.992364","5.200.6.174","192.168.178.42","UDP","242","50004  >  61475 Len=200"
"487","7.016840","5.200.6.174","192.168.178.42","UDP","240","50004  >  61475 Len=198"
"488","7.032796","5.200.6.174","192.168.178.42","UDP","246","50004  >  61475 Len=204"
"489","7.038412","5.200.6.174","192.168.178.42","UDP","171","50004  >  61475 Len=129"
"490","7.038412","5.200.6.174","192.168.178.42","UDP","163","50004  >  61475 Len=121"
"491","7.040108","5.200.6.174","192.168.178.42","UDP","166","50004  >  61475 Len=124"
"492","7.059365","5.200.6.174","192.168.178.42","UDP","241","50004  >  61475 Len=199"
"493","7.059365","5.200.6.174","192.168.178.42","UDP","171","50004  >  61475 Len=129"
"494","7.075345","5.200.6.174","192.168.178.42","UDP","246","50004  >  61475 Len=204"
"495","7.079542","5.200.6.174","192.168.178.42","UDP","178","50004  >  61475 Len=136"
"496","7.096927","5.200.6.174","192.168.178.42","UDP","257","50004  >  61475 Len=215"
"497","7.097333","5.200.6.174","192.168.178.42","UDP","171","50004  >  61475 Len=129"
"498","7.119092","5.200.6.174","192.168.178.42","UDP","247","50004  >  61475 Len=205"
"499","7.120108","5.200.6.174","192.168.178.42","UDP","155","50004  >  61475 Len=113"
"500","7.136274","5.200.6.174","192.168.178.42","UDP","150","50004  >  61475 Len=108"
"501","7.136749","5.200.6.174","192.168.178.42","UDP","255","50004  >  61475 Len=213"
"502","7.154455","5.200.6.174","192.168.178.42","UDP","240","50004  >  61475 Len=198"
"503","7.161294","5.200.6.174","192.168.178.42","UDP","77","50004  >  61475 Len=35"
"504","7.177483","5.200.6.174","192.168.178.42","UDP","77","50004  >  61475 Len=35"
"505","7.177970","5.200.6.174","192.168.178.42","UDP","243","50004  >  61475 Len=201"
"506","7.189265","5.200.6.174","192.168.178.42","UDP","252","50004  >  61475 Len=210"
"507","7.201571","5.200.6.174","192.168.178.42","UDP","77","50004  >  61475 Len=35"
"508","7.219896","5.200.6.174","192.168.178.42","UDP","77","50004  >  61475 Len=35"
"509","7.224853","5.200.6.174","192.168.178.42","UDP","256","50004  >  61475 Len=214"
"510","7.239820","5.200.6.174","192.168.178.42","UDP","77","50004  >  61475 Len=35"
"511","7.242501","5.200.6.174","192.168.178.42","UDP","241","50004  >  61475 Len=199"
"512","7.245860","204.79.197.203","192.168.178.42","TCP","60","443  >  3504 [RST, ACK] Seq=1 Ack=1 Win=0 Len=0"
"513","7.257535","5.200.6.174","192.168.178.42","UDP","242","50004  >  61475 Len=200"
"514","7.261663","5.200.6.174","192.168.178.42","UDP","77","50004  >  61475 Len=35"
"515","7.271075","5.200.6.174","192.168.178.42","UDP","244","50004  >  61475 Len=202"
"516","7.277656","5.200.6.174","192.168.178.42","UDP","77","50004  >  61475 Len=35"
"517","7.296946","5.200.6.174","192.168.178.42","UDP","243","50004  >  61475 Len=201"
"518","7.298878","5.200.6.174","192.168.178.42","UDP","77","50004  >  61475 Len=35"
"519","7.317956","5.200.6.174","192.168.178.42","UDP","77","50004  >  61475 Len=35"
"520","7.322449","5.200.6.174","192.168.178.42","UDP","248","50004  >  61475 Len=206"
"521","7.336549","5.200.6.174","192.168.178.42","UDP","77","50004  >  61475 Len=35"
"522","7.336549","5.200.6.174","192.168.178.42","UDP","246","50004  >  61475 Len=204"
"523","7.355243","5.200.6.174","192.168.178.42","UDP","242","50004  >  61475 Len=200"
"524","7.364270","5.200.6.174","192.168.178.42","UDP","248","50004  >  61475 Len=206"
"525","7.389997","5.200.6.174","192.168.178.42","UDP","245","50004  >  61475 Len=203"
"526","7.425208","5.200.6.174","192.168.178.42","UDP","251","50004  >  61475 Len=209"
"527","7.427955","5.200.6.174","192.168.178.42","UDP","247","50004  >  61475 Len=205"
"528","7.430577","192.168.178.1","239.255.255.250","SSDP","165","M-SEARCH * HTTP/1.1 "
"529","7.460828","5.200.6.174","192.168.178.42","UDP","254","50004  >  61475 Len=212"
"530","7.469239","5.200.6.174","192.168.178.42","UDP","249","50004  >  61475 Len=207"
"531","7.496904","5.200.6.174","192.168.178.42","UDP","248","50004  >  61475 Len=206"
"532","7.509231","5.200.6.174","192.168.178.42","UDP","255","50004  >  61475 Len=213"
"533","7.546911","5.200.6.174","192.168.178.42","UDP","247","50004  >  61475 Len=205"
"534","7.546911","5.200.6.174","192.168.178.42","UDP","243","50004  >  61475 Len=201"
"535","7.551936","AVMAudio_df:a3:8a","Broadcast","ARP","60","Who has 192.168.178.33? Tell 192.168.178.1"
"536","7.561114","5.200.6.174","192.168.178.42","UDP","249","50004  >  61475 Len=207"
"537","7.582205","5.200.6.174","192.168.178.42","UDP","252","50004  >  61475 Len=210"
"538","7.605938","5.200.6.174","192.168.178.42","UDP","236","50004  >  61475 Len=194"
"539","7.626993","5.200.6.174","192.168.178.42","UDP","242","50004  >  61475 Len=200"
"540","7.642275","5.200.6.174","192.168.178.42","UDP","251","50004  >  61475 Len=209"
"541","7.666584","5.200.6.174","192.168.178.42","UDP","247","50004  >  61475 Len=205"
"542","7.683334","5.200.6.174","192.168.178.42","UDP","246","50004  >  61475 Len=204"
"543","7.704453","5.200.6.174","192.168.178.42","UDP","252","50004  >  61475 Len=210"
"544","7.749038","5.200.6.174","192.168.178.42","UDP","248","50004  >  61475 Len=206"
"545","7.756994","5.200.6.174","192.168.178.42","UDP","240","50004  >  61475 Len=198"
"546","7.777287","5.200.6.174","192.168.178.42","UDP","233","50004  >  61475 Len=191"
"547","7.786349","5.200.6.174","192.168.178.42","UDP","242","50004  >  61475 Len=200"
"548","7.801600","192.168.178.42","5.200.6.174","UDP","50","61475  >  50004 Len=8"
"549","7.822537","5.200.6.174","192.168.178.42","UDP","234","50004  >  61475 Len=192"
"550","7.833082","5.200.6.174","192.168.178.42","UDP","249","50004  >  61475 Len=207"
"551","7.836873","5.200.6.174","192.168.178.42","RTCP","94","Receiver Report   "
"552","7.856954","5.200.6.174","192.168.178.42","UDP","244","50004  >  61475 Len=202"
"553","7.864507","5.200.6.174","192.168.178.42","UDP","60","50004  >  61475 Len=8"
"554","7.869618","5.200.6.174","192.168.178.42","UDP","242","50004  >  61475 Len=200"
"555","7.909651","5.200.6.174","192.168.178.42","UDP","240","50004  >  61475 Len=198"
"556","7.921531","5.200.6.174","192.168.178.42","UDP","238","50004  >  61475 Len=196"
"557","7.936916","5.200.6.174","192.168.178.42","UDP","244","50004  >  61475 Len=202"
"558","7.945321","5.200.6.174","192.168.178.42","UDP","256","50004  >  61475 Len=214"
"559","7.986083","5.200.6.174","192.168.178.42","UDP","246","50004  >  61475 Len=204"
"560","7.990877","5.200.6.174","192.168.178.42","UDP","228","50004  >  61475 Len=186"
"561","8.016620","5.200.6.174","192.168.178.42","UDP","246","50004  >  61475 Len=204"
"562","8.028170","5.200.6.174","192.168.178.42","UDP","238","50004  >  61475 Len=196"
"563","8.032867","204.79.197.200","192.168.178.42","TCP","60","443  >  3513 [RST, ACK] Seq=1 Ack=1 Win=0 Len=0"
"564","8.043520","5.200.6.174","192.168.178.42","UDP","244","50004  >  61475 Len=202"
"565","8.065558","5.200.6.174","192.168.178.42","UDP","253","50004  >  61475 Len=211"
"566","8.084443","5.200.6.174","192.168.178.42","UDP","246","50004  >  61475 Len=204"
"567","8.104915","5.200.6.174","192.168.178.42","UDP","258","50004  >  61475 Len=216"
"568","8.121541","5.200.6.174","192.168.178.42","UDP","243","50004  >  61475 Len=201"
"569","8.125146","192.168.178.42","35.186.224.47","TLSv1.2","97","Application Data"
"570","8.145122","5.200.6.174","192.168.178.42","UDP","242","50004  >  61475 Len=200"
"571","8.161003","35.186.224.47","192.168.178.42","TCP","60","443  >  3418 [ACK] Seq=1 Ack=44 Win=267 Len=0"
"572","8.162431","5.200.6.174","192.168.178.42","UDP","242","50004  >  61475 Len=200"
"573","8.171649","35.186.224.47","192.168.178.42","TLSv1.2","94","Application Data"
"574","8.185334","5.200.6.174","192.168.178.42","UDP","242","50004  >  61475 Len=200"
"575","8.204462","5.200.6.174","192.168.178.42","UDP","249","50004  >  61475 Len=207"
"576","8.213259","192.168.178.42","35.186.224.47","TCP","54","3418  >  443 [ACK] Seq=44 Ack=41 Win=1025 Len=0"
"577","8.224170","5.200.6.174","192.168.178.42","UDP","244","50004  >  61475 Len=202"
"578","8.269668","5.200.6.174","192.168.178.42","UDP","245","50004  >  61475 Len=203"
"579","8.276976","5.200.6.174","192.168.178.42","UDP","231","50004  >  61475 Len=189"
"580","8.283289","5.200.6.174","192.168.178.42","UDP","224","50004  >  61475 Len=182"
"581","8.304301","5.200.6.174","192.168.178.42","UDP","249","50004  >  61475 Len=207"
"582","8.344169","5.200.6.174","192.168.178.42","UDP","250","50004  >  61475 Len=208"
"583","8.350926","5.200.6.174","192.168.178.42","UDP","246","50004  >  61475 Len=204"
"584","8.376786","5.200.6.174","192.168.178.42","UDP","226","50004  >  61475 Len=184"
"585","8.389106","5.200.6.174","192.168.178.42","UDP","246","50004  >  61475 Len=204"
"586","8.403896","5.200.6.174","192.168.178.42","UDP","247","50004  >  61475 Len=205"
"587","8.425221","5.200.6.174","192.168.178.42","UDP","248","50004  >  61475 Len=206"
"588","8.445325","5.200.6.174","192.168.178.42","UDP","233","50004  >  61475 Len=191"
"589","8.470651","5.200.6.174","192.168.178.42","UDP","252","50004  >  61475 Len=210"
"590","8.485551","5.200.6.174","192.168.178.42","UDP","249","50004  >  61475 Len=207"
"591","8.514193","5.200.6.174","192.168.178.42","UDP","253","50004  >  61475 Len=211"
"592","8.537042","5.200.6.174","192.168.178.42","UDP","250","50004  >  61475 Len=208"
"593","8.545341","5.200.6.174","192.168.178.42","UDP","246","50004  >  61475 Len=204"
"594","8.551920","AVMAudio_df:a3:8a","Broadcast","ARP","60","Who has 192.168.178.33? Tell 192.168.178.1"
"595","8.564909","5.200.6.174","192.168.178.42","UDP","242","50004  >  61475 Len=200"
"596","8.587894","5.200.6.174","192.168.178.42","UDP","238","50004  >  61475 Len=196"
"597","8.603701","5.200.6.174","192.168.178.42","UDP","240","50004  >  61475 Len=198"
"598","8.626371","5.200.6.174","192.168.178.42","UDP","236","50004  >  61475 Len=194"
"599","8.704052","5.200.6.174","192.168.178.42","UDP","238","50004  >  61475 Len=196"
"600","8.704052","5.200.6.174","192.168.178.42","UDP","239","50004  >  61475 Len=197"
"601","8.713763","5.200.6.174","192.168.178.42","UDP","242","50004  >  61475 Len=200"
"602","8.714179","5.200.6.174","192.168.178.42","UDP","246","50004  >  61475 Len=204"
"603","8.737654","5.200.6.174","192.168.178.42","UDP","233","50004  >  61475 Len=191"
"604","8.749980","5.200.6.174","192.168.178.42","UDP","242","50004  >  61475 Len=200"
"605","8.763845","5.200.6.174","192.168.178.42","UDP","238","50004  >  61475 Len=196"
"606","8.766473","192.168.178.42","5.200.6.174","RTCP","94","Receiver Report   "
"607","8.788062","5.200.6.174","192.168.178.42","UDP","250","50004  >  61475 Len=208"
"608","8.832587","AVMAudio_df:a3:8a","AtherosC_00:00:01","HomePlug AV","60","Qualcomm Atheros, OP_ATTR.REQ (Get Device Attributes Request)"
"609","8.832587","AVMAudio_df:a3:8a","Broadcast","HomePlug AV","60","Qualcomm Atheros, GET_SW.REQ (Get Device/SW Version Request)"
"610","8.832587","AVMAudio_df:a3:8a","Broadcast","0x8912","60","Ethernet II"
"611","8.837014","5.200.6.174","192.168.178.42","RTCP","94","Receiver Report   "
"612","8.837486","5.200.6.174","192.168.178.42","UDP","247","50004  >  61475 Len=205"
"613","8.838232","5.200.6.174","192.168.178.42","UDP","234","50004  >  61475 Len=192"
"614","8.842466","5.200.6.174","192.168.178.42","UDP","246","50004  >  61475 Len=204"
"615","8.861890","5.200.6.174","192.168.178.42","UDP","236","50004  >  61475 Len=194"
"616","8.887711","5.200.6.174","192.168.178.42","UDP","239","50004  >  61475 Len=197"
"617","8.904234","5.200.6.174","192.168.178.42","UDP","249","50004  >  61475 Len=207"
"618","8.949275","5.200.6.174","192.168.178.42","UDP","250","50004  >  61475 Len=208"
"619","8.965218","5.200.6.174","192.168.178.42","UDP","252","50004  >  61475 Len=210"
"620","8.985257","5.200.6.174","192.168.178.42","UDP","240","50004  >  61475 Len=198"
"621","8.991448","5.200.6.174","192.168.178.42","UDP","240","50004  >  61475 Len=198"
"622","9.025230","5.200.6.174","192.168.178.42","UDP","242","50004  >  61475 Len=200"
"623","9.028633","5.200.6.174","192.168.178.42","UDP","236","50004  >  61475 Len=194"
"624","9.043274","5.200.6.174","192.168.178.42","UDP","238","50004  >  61475 Len=196"
"625","9.066278","5.200.6.174","192.168.178.42","UDP","228","50004  >  61475 Len=186"
"626","9.096962","5.200.6.174","192.168.178.42","UDP","237","50004  >  61475 Len=195"
"627","9.113622","5.200.6.174","192.168.178.42","UDP","242","50004  >  61475 Len=200"
"628","9.136122","5.200.6.174","192.168.178.42","UDP","245","50004  >  61475 Len=203"
"629","9.145183","5.200.6.174","192.168.178.42","UDP","247","50004  >  61475 Len=205"
"630","9.189422","5.200.6.174","192.168.178.42","UDP","266","50004  >  61475 Len=224"
"631","9.191227","5.200.6.174","192.168.178.42","UDP","246","50004  >  61475 Len=204"
"632","9.203011","5.200.6.174","192.168.178.42","UDP","241","50004  >  61475 Len=199"
"633","9.224784","5.200.6.174","192.168.178.42","UDP","231","50004  >  61475 Len=189"
"634","9.268518","5.200.6.174","192.168.178.42","UDP","226","50004  >  61475 Len=184"
"635","9.270455","5.200.6.174","192.168.178.42","UDP","225","50004  >  61475 Len=183"
"636","9.295920","5.200.6.174","192.168.178.42","UDP","199","50004  >  61475 Len=157"
"637","9.303527","5.200.6.174","192.168.178.42","UDP","180","50004  >  61475 Len=138"
"638","9.349460","5.200.6.174","192.168.178.42","UDP","181","50004  >  61475 Len=139"
"639","9.364083","5.200.6.174","192.168.178.42","UDP","242","50004  >  61475 Len=200"
"640","9.388485","5.200.6.174","192.168.178.42","UDP","262","50004  >  61475 Len=220"
"641","9.390942","5.200.6.174","192.168.178.42","UDP","253","50004  >  61475 Len=211"
"642","9.420078","5.200.6.174","192.168.178.42","UDP","245","50004  >  61475 Len=203"
"643","9.426867","5.200.6.174","192.168.178.42","UDP","241","50004  >  61475 Len=199"
"644","9.444761","5.200.6.174","192.168.178.42","UDP","242","50004  >  61475 Len=200"
"645","9.468124","5.200.6.174","192.168.178.42","UDP","242","50004  >  61475 Len=200"
"646","9.481020","5.200.6.174","192.168.178.42","UDP","245","50004  >  61475 Len=203"
"647","9.502044","5.200.6.174","192.168.178.42","UDP","241","50004  >  61475 Len=199"
"648","9.524378","5.200.6.174","192.168.178.42","UDP","233","50004  >  61475 Len=191"
"649","9.546693","5.200.6.174","192.168.178.42","UDP","253","50004  >  61475 Len=211"
"650","9.561517","5.200.6.174","192.168.178.42","UDP","260","50004  >  61475 Len=218"
"651","9.583189","5.200.6.174","192.168.178.42","UDP","253","50004  >  61475 Len=211"
"652","9.616703","5.200.6.174","192.168.178.42","UDP","245","50004  >  61475 Len=203"
"653","9.625391","5.200.6.174","192.168.178.42","UDP","263","50004  >  61475 Len=221"
"654","9.665176","5.200.6.174","192.168.178.42","UDP","242","50004  >  61475 Len=200"
"655","9.666899","5.200.6.174","192.168.178.42","UDP","251","50004  >  61475 Len=209"
"656","9.682347","5.200.6.174","192.168.178.42","UDP","253","50004  >  61475 Len=211"
"657","9.714110","5.200.6.174","192.168.178.42","UDP","245","50004  >  61475 Len=203"
"658","9.737975","5.200.6.174","192.168.178.42","UDP","252","50004  >  61475 Len=210"
"659","9.744670","5.200.6.174","192.168.178.42","UDP","256","50004  >  61475 Len=214"
"660","9.761012","5.200.6.174","192.168.178.42","UDP","249","50004  >  61475 Len=207"
"661","9.779986","192.168.178.23","224.0.0.251","MDNS","81","Standard query 0x0000 PTR _googlerpc._tcp.local, ""QM"" question"
"662","9.779986","192.168.178.23","224.0.0.251","MDNS","91","Standard query 0x0000 SRV googlerpc._googlerpc._tcp.local, ""QM"" question"
"663","9.779986","192.168.178.23","224.0.0.251","MDNS","220","Standard query response 0x0000 PTR googlerpc._googlerpc._tcp.local TXT, cache flush SRV, cache flush 0 0 8012 34814c8e-419c-5f13-e44a-8be1a3e4ece0.local A, cache flush 192.168.178.23"
"664","9.779986","192.168.178.23","224.0.0.251","MDNS","158","Standard query response 0x0000 SRV, cache flush 0 0 8012 34814c8e-419c-5f13-e44a-8be1a3e4ece0.local A, cache flush 192.168.178.23"
"665","9.784569","5.200.6.174","192.168.178.42","UDP","240","50004  >  61475 Len=198"
"666","9.837153","5.200.6.174","192.168.178.42","RTCP","94","Receiver Report   "
"667","9.841486","5.200.6.174","192.168.178.42","UDP","252","50004  >  61475 Len=210"
"668","9.855859","5.200.6.174","192.168.178.42","UDP","252","50004  >  61475 Len=210"
"669","9.857848","5.200.6.174","192.168.178.42","UDP","251","50004  >  61475 Len=209"
"670","9.873195","5.200.6.174","192.168.178.42","UDP","261","50004  >  61475 Len=219"
"671","9.897001","5.200.6.174","192.168.178.42","UDP","254","50004  >  61475 Len=212"
"672","9.908753","5.200.6.174","192.168.178.42","UDP","245","50004  >  61475 Len=203"
"673","9.940916","5.200.6.174","192.168.178.42","UDP","248","50004  >  61475 Len=206"
"674","9.947987","5.200.6.174","192.168.178.42","UDP","248","50004  >  61475 Len=206"
"675","9.963104","5.200.6.174","192.168.178.42","UDP","252","50004  >  61475 Len=210"
"676","9.981624","5.200.6.174","192.168.178.42","UDP","248","50004  >  61475 Len=206"
"677","10.001868","5.200.6.174","192.168.178.42","UDP","242","50004  >  61475 Len=200"
"678","10.010175","192.168.178.42","192.168.178.23","TCP","164","6557  >  8009 [PSH, ACK] Seq=111 Ack=111 Win=1020 Len=110 [TCP segment of a reassembled PDU]"
"679","10.024011","5.200.6.174","192.168.178.42","UDP","251","50004  >  61475 Len=209"
"680","10.043199","5.200.6.174","192.168.178.42","UDP","262","50004  >  61475 Len=220"
"681","10.064119","5.200.6.174","192.168.178.42","UDP","249","50004  >  61475 Len=207"
"682","10.081895","5.200.6.174","192.168.178.42","UDP","241","50004  >  61475 Len=199"
"683","10.104366","5.200.6.174","192.168.178.42","UDP","254","50004  >  61475 Len=212"
"684","10.122484","192.168.178.23","192.168.178.42","TCP","164","8009  >  6557 [PSH, ACK] Seq=111 Ack=221 Win=1386 Len=110 [TCP segment of a reassembled PDU]"
"685","10.125905","5.200.6.174","192.168.178.42","UDP","243","50004  >  61475 Len=201"
"686","10.146371","5.200.6.174","192.168.178.42","UDP","246","50004  >  61475 Len=204"
"687","10.164505","192.168.178.42","192.168.178.23","TCP","54","6557  >  8009 [ACK] Seq=221 Ack=221 Win=1026 Len=0"
"688","10.185717","5.200.6.174","192.168.178.42","UDP","244","50004  >  61475 Len=202"
"689","10.192736","5.200.6.174","192.168.178.42","UDP","241","50004  >  61475 Len=199"
"690","10.205284","5.200.6.174","192.168.178.42","UDP","239","50004  >  61475 Len=197"
"691","10.222557","5.200.6.174","192.168.178.42","UDP","235","50004  >  61475 Len=193"
"692","10.227007","192.168.178.42","5.200.6.174","RTCP","102","Sender Report   "
"693","10.239897","5.200.6.174","192.168.178.42","UDP","235","50004  >  61475 Len=193"
"694","10.263115","5.200.6.174","192.168.178.42","UDP","238","50004  >  61475 Len=196"
"695","10.284482","5.200.6.174","192.168.178.42","UDP","232","50004  >  61475 Len=190"
"696","10.302462","5.200.6.174","192.168.178.42","UDP","247","50004  >  61475 Len=205"
"697","10.356657","5.200.6.174","192.168.178.42","UDP","242","50004  >  61475 Len=200"
"698","10.356657","5.200.6.174","192.168.178.42","UDP","244","50004  >  61475 Len=202"
"699","10.384222","5.200.6.174","192.168.178.42","UDP","246","50004  >  61475 Len=204"
"700","10.384222","5.200.6.174","192.168.178.42","UDP","236","50004  >  61475 Len=194"
"701","10.406018","5.200.6.174","192.168.178.42","UDP","236","50004  >  61475 Len=194"
"702","10.430179","5.200.6.174","192.168.178.42","UDP","235","50004  >  61475 Len=193"
"703","10.444647","5.200.6.174","192.168.178.42","UDP","249","50004  >  61475 Len=207"
"704","10.450174","66.203.125.15","192.168.178.42","TLSv1.2","413","Application Data"
"705","10.450524","192.168.178.42","66.203.125.15","TLSv1.2","397","Application Data"
"706","10.469030","5.200.6.174","192.168.178.42","UDP","237","50004  >  61475 Len=195"
"707","10.483125","5.200.6.174","192.168.178.42","UDP","243","50004  >  61475 Len=201"
"708","10.508287","66.203.125.15","192.168.178.42","TCP","60","443  >  3435 [ACK] Seq=360 Ack=344 Win=41935 Len=0"
"709","10.512706","5.200.6.174","192.168.178.42","UDP","241","50004  >  61475 Len=199"
"710","10.521628","5.200.6.174","192.168.178.42","UDP","246","50004  >  61475 Len=204"
"711","10.543367","5.200.6.174","192.168.178.42","UDP","241","50004  >  61475 Len=199"
"712","10.576174","5.200.6.174","192.168.178.42","UDP","252","50004  >  61475 Len=210"
"713","10.590359","5.200.6.174","192.168.178.42","UDP","244","50004  >  61475 Len=202"
"714","10.624067","5.200.6.174","192.168.178.42","UDP","248","50004  >  61475 Len=206"
"715","10.624951","5.200.6.174","192.168.178.42","UDP","261","50004  >  61475 Len=219"
"716","10.641728","5.200.6.174","192.168.178.42","UDP","244","50004  >  61475 Len=202"
"717","10.664011","5.200.6.174","192.168.178.42","UDP","243","50004  >  61475 Len=201"
"718","10.705405","5.200.6.174","192.168.178.42","UDP","247","50004  >  61475 Len=205"
"719","10.706014","5.200.6.174","192.168.178.42","UDP","231","50004  >  61475 Len=189"
"720","10.710013","192.168.178.42","162.159.238.129","TCP","55","3484  >  443 [ACK] Seq=1 Ack=1 Win=1026 Len=1 [TCP segment of a reassembled PDU]"
"721","10.724385","5.200.6.174","192.168.178.42","UDP","210","50004  >  61475 Len=168"
"722","10.742218","5.200.6.174","192.168.178.42","UDP","246","50004  >  61475 Len=204"
"723","10.747380","162.159.238.129","192.168.178.42","TCP","66","443  >  3484 [ACK] Seq=1 Ack=2 Win=74 Len=0 SLE=1 SRE=2"
"724","10.766192","5.200.6.174","192.168.178.42","UDP","241","50004  >  61475 Len=199"
"725","10.790842","5.200.6.174","192.168.178.42","UDP","223","50004  >  61475 Len=181"
"726","10.816938","5.200.6.174","192.168.178.42","UDP","234","50004  >  61475 Len=192"
"727","10.831067","5.200.6.174","192.168.178.42","UDP","238","50004  >  61475 Len=196"
"728","10.833376","AVMAudio_df:a3:8a","AtherosC_00:00:01","HomePlug AV","60","Qualcomm Atheros, OP_ATTR.REQ (Get Device Attributes Request)"
"729","10.833376","AVMAudio_df:a3:8a","Broadcast","HomePlug AV","60","Qualcomm Atheros, GET_SW.REQ (Get Device/SW Version Request)"
"730","10.833376","AVMAudio_df:a3:8a","Broadcast","0x8912","60","Ethernet II"
"731","10.837044","5.200.6.174","192.168.178.42","RTCP","94","Receiver Report   "
"732","10.856062","116.203.39.239","192.168.178.42","TLSv1.2","85","Encrypted Alert"
"733","10.856257","116.203.39.239","192.168.178.42","TCP","60","443  >  3546 [FIN, ACK] Seq=32 Ack=1 Win=276 Len=0"
"734","10.856300","192.168.178.42","116.203.39.239","TCP","54","3546  >  443 [ACK] Seq=1 Ack=33 Win=1026 Len=0"
"735","10.859934","5.200.6.174","192.168.178.42","UDP","239","50004  >  61475 Len=197"
"736","10.866076","5.200.6.174","192.168.178.42","UDP","243","50004  >  61475 Len=201"
"737","10.904238","5.200.6.174","192.168.178.42","UDP","233","50004  >  61475 Len=191"
"738","10.906896","5.200.6.174","192.168.178.42","UDP","234","50004  >  61475 Len=192"
"739","10.950032","5.200.6.174","192.168.178.42","UDP","238","50004  >  61475 Len=196"
"740","10.957060","5.200.6.174","192.168.178.42","UDP","219","50004  >  61475 Len=177"
"741","10.962881","5.200.6.174","192.168.178.42","UDP","173","50004  >  61475 Len=131"
"742","10.989405","5.200.6.174","192.168.178.42","UDP","222","50004  >  61475 Len=180"
"743","11.021725","5.200.6.174","192.168.178.42","UDP","243","50004  >  61475 Len=201"
"744","11.032643","5.200.6.174","192.168.178.42","UDP","258","50004  >  61475 Len=216"
"745","11.059704","5.200.6.174","192.168.178.42","UDP","243","50004  >  61475 Len=201"
"746","11.071062","5.200.6.174","192.168.178.42","UDP","254","50004  >  61475 Len=212"
"747","11.085100","5.200.6.174","192.168.178.42","UDP","245","50004  >  61475 Len=203"
"748","11.114167","5.200.6.174","192.168.178.42","UDP","246","50004  >  61475 Len=204"
"749","11.136831","5.200.6.174","192.168.178.42","UDP","241","50004  >  61475 Len=199"
"750","11.154386","5.200.6.174","192.168.178.42","UDP","261","50004  >  61475 Len=219"
"751","11.186931","5.200.6.174","192.168.178.42","UDP","249","50004  >  61475 Len=207"
"752","11.189537","5.200.6.174","192.168.178.42","UDP","244","50004  >  61475 Len=202"
"753","11.216895","5.200.6.174","192.168.178.42","UDP","255","50004  >  61475 Len=213"
"754","11.234150","5.200.6.174","192.168.178.42","UDP","250","50004  >  61475 Len=208"
"755","11.257238","5.200.6.174","192.168.178.42","UDP","249","50004  >  61475 Len=207"
"756","11.270146","5.200.6.174","192.168.178.42","UDP","250","50004  >  61475 Len=208"
"757","11.299333","5.200.6.174","192.168.178.42","UDP","250","50004  >  61475 Len=208"
"758","11.312576","5.200.6.174","192.168.178.42","UDP","253","50004  >  61475 Len=211"
"759","11.336916","5.200.6.174","192.168.178.42","UDP","258","50004  >  61475 Len=216"
"760","11.349352","5.200.6.174","192.168.178.42","UDP","257","50004  >  61475 Len=215"
"761","11.376896","5.200.6.174","192.168.178.42","UDP","262","50004  >  61475 Len=220"
"762","11.389938","5.200.6.174","192.168.178.42","UDP","243","50004  >  61475 Len=201"
"763","11.416753","5.200.6.174","192.168.178.42","UDP","244","50004  >  61475 Len=202"
"764","11.430447","5.200.6.174","192.168.178.42","UDP","241","50004  >  61475 Len=199"
"765","11.456814","5.200.6.174","192.168.178.42","UDP","250","50004  >  61475 Len=208"
"766","11.471734","5.200.6.174","192.168.178.42","UDP","257","50004  >  61475 Len=215"
"767","11.497036","5.200.6.174","192.168.178.42","UDP","245","50004  >  61475 Len=203"
"768","11.506188","5.200.6.174","192.168.178.42","UDP","245","50004  >  61475 Len=203"
"769","11.538720","5.200.6.174","192.168.178.42","UDP","238","50004  >  61475 Len=196"
"770","11.546362","5.200.6.174","192.168.178.42","UDP","239","50004  >  61475 Len=197"
"771","11.586027","5.200.6.174","192.168.178.42","UDP","242","50004  >  61475 Len=200"
"772","11.593059","5.200.6.174","192.168.178.42","UDP","255","50004  >  61475 Len=213"
"773","11.626566","5.200.6.174","192.168.178.42","UDP","267","50004  >  61475 Len=225"
"774","11.628215","5.200.6.174","192.168.178.42","UDP","244","50004  >  61475 Len=202"
"775","11.643264","5.200.6.174","192.168.178.42","UDP","252","50004  >  61475 Len=210"
"776","11.664309","5.200.6.174","192.168.178.42","UDP","247","50004  >  61475 Len=205"
"777","11.720396","5.200.6.174","192.168.178.42","UDP","240","50004  >  61475 Len=198"
"778","11.726936","5.200.6.174","192.168.178.42","UDP","253","50004  >  61475 Len=211"
"779","11.741186","192.168.178.42","5.200.6.174","RTCP","94","Receiver Report   "
"780","11.744321","5.200.6.174","192.168.178.42","UDP","245","50004  >  61475 Len=203"
"781","11.744321","5.200.6.174","192.168.178.42","UDP","250","50004  >  61475 Len=208"
"782","11.781112","5.200.6.174","192.168.178.42","UDP","257","50004  >  61475 Len=215"
"783","11.786910","5.200.6.174","192.168.178.42","UDP","244","50004  >  61475 Len=202"
"784","11.803513","5.200.6.174","192.168.178.42","UDP","244","50004  >  61475 Len=202"
"785","11.819471","5.200.6.174","192.168.178.42","UDP","251","50004  >  61475 Len=209"
"786","11.837332","5.200.6.174","192.168.178.42","RTCP","94","Receiver Report   Negative Acknowledgement (H.261)   "
"787","11.857942","5.200.6.174","192.168.178.42","UDP","245","50004  >  61475 Len=203"
"788","11.868040","5.200.6.174","192.168.178.42","UDP","242","50004  >  61475 Len=200"
"789","11.885638","5.200.6.174","192.168.178.42","UDP","235","50004  >  61475 Len=193"
"790","11.908140","5.200.6.174","192.168.178.42","UDP","250","50004  >  61475 Len=208"
"791","11.943456","5.200.6.174","192.168.178.42","UDP","237","50004  >  61475 Len=195"
"792","11.944374","5.200.6.174","192.168.178.42","UDP","245","50004  >  61475 Len=203"
"793","11.964667","5.200.6.174","192.168.178.42","UDP","269","50004  >  61475 Len=227"
"794","11.988486","5.200.6.174","192.168.178.42","UDP","262","50004  >  61475 Len=220"
"795","12.003185","5.200.6.174","192.168.178.42","UDP","256","50004  >  61475 Len=214"
"796","12.026228","5.200.6.174","192.168.178.42","UDP","242","50004  >  61475 Len=200"
"797","12.061326","5.200.6.174","192.168.178.42","UDP","248","50004  >  61475 Len=206"
"798","12.069484","5.200.6.174","192.168.178.42","UDP","242","50004  >  61475 Len=200"
"799","12.084142","5.200.6.174","192.168.178.42","UDP","242","50004  >  61475 Len=200"
"800","12.112978","5.200.6.174","192.168.178.42","UDP","242","50004  >  61475 Len=200"
"801","12.135819","5.200.6.174","192.168.178.42","UDP","229","50004  >  61475 Len=187"
"802","12.144154","5.200.6.174","192.168.178.42","UDP","227","50004  >  61475 Len=185"
"803","12.161903","5.200.6.174","192.168.178.42","UDP","212","50004  >  61475 Len=170"
"804","12.189172","5.200.6.174","192.168.178.42","UDP","204","50004  >  61475 Len=162"
"805","12.200556","5.200.6.174","192.168.178.42","UDP","179","50004  >  61475 Len=137"
"806","12.224992","5.200.6.174","192.168.178.42","UDP","174","50004  >  61475 Len=132"
"807","12.240674","5.200.6.174","192.168.178.42","UDP","170","50004  >  61475 Len=128"
"808","12.265385","5.200.6.174","192.168.178.42","UDP","170","50004  >  61475 Len=128"
"809","12.297512","5.200.6.174","192.168.178.42","UDP","167","50004  >  61475 Len=125"
"810","12.305224","5.200.6.174","192.168.178.42","UDP","165","50004  >  61475 Len=123"
"811","12.321714","5.200.6.174","192.168.178.42","UDP","85","50004  >  61475 Len=43"
"812","12.343850","5.200.6.174","192.168.178.42","UDP","85","50004  >  61475 Len=43"
"813","12.363295","5.200.6.174","192.168.178.42","UDP","85","50004  >  61475 Len=43"
"814","12.392675","5.200.6.174","192.168.178.42","UDP","85","50004  >  61475 Len=43"
"815","12.403714","5.200.6.174","192.168.178.42","UDP","85","50004  >  61475 Len=43"
"816","12.422538","5.200.6.174","192.168.178.42","UDP","85","50004  >  61475 Len=43"
"817","12.429279","192.168.178.1","239.255.255.250","SSDP","165","M-SEARCH * HTTP/1.1 "
"818","12.444599","5.200.6.174","192.168.178.42","UDP","85","50004  >  61475 Len=43"
"819","12.462157","5.200.6.174","192.168.178.42","UDP","85","50004  >  61475 Len=43"
"820","12.484117","5.200.6.174","192.168.178.42","UDP","85","50004  >  61475 Len=43"
"821","12.512753","5.200.6.174","192.168.178.42","UDP","85","50004  >  61475 Len=43"
"822","12.519611","149.154.167.92","192.168.178.42","SSL","527","Continuation Data"
"823","12.569197","192.168.178.42","149.154.167.92","TCP","54","6552  >  443 [ACK] Seq=1 Ack=474 Win=1021 Len=0"
"824","12.801644","192.168.178.42","5.200.6.174","UDP","50","61475  >  50004 Len=8"
"825","12.833891","AVMAudio_df:a3:8a","AtherosC_00:00:01","HomePlug AV","60","Qualcomm Atheros, OP_ATTR.REQ (Get Device Attributes Request)"
"826","12.833891","AVMAudio_df:a3:8a","Broadcast","HomePlug AV","60","Qualcomm Atheros, GET_SW.REQ (Get Device/SW Version Request)"
"827","12.833891","AVMAudio_df:a3:8a","Broadcast","0x8912","60","Ethernet II"
"828","12.837477","5.200.6.174","192.168.178.42","RTCP","94","Receiver Report   "
"829","12.864992","5.200.6.174","192.168.178.42","UDP","60","50004  >  61475 Len=8"
"830","13.188289","192.168.178.42","162.159.138.234","TLSv1.2","140","Application Data"
"831","13.202215","192.168.178.42","5.200.6.174","UDP","240","61475  >  50004 Len=198"
"832","13.224228","192.168.178.42","5.200.6.174","UDP","245","61475  >  50004 Len=203"
"833","13.230342","162.159.138.234","192.168.178.42","TCP","60","443  >  3420 [ACK] Seq=58 Ack=406 Win=70 Len=0"
"834","13.241132","192.168.178.42","5.200.6.174","UDP","229","61475  >  50004 Len=187"
"835","13.263035","192.168.178.42","5.200.6.174","UDP","225","61475  >  50004 Len=183"
"836","13.266539","149.154.167.92","192.168.178.42","HTTP","288","HTTP/1.1 200 OK "
"837","13.268333","192.168.178.42","149.154.167.92","TCP","280","6554  >  80 [PSH, ACK] Seq=1 Ack=235 Win=1023 Len=226 [TCP segment of a reassembled PDU]"
"838","13.284477","192.168.178.42","5.200.6.174","UDP","260","61475  >  50004 Len=218"
"839","13.301697","192.168.178.42","5.200.6.174","UDP","275","61475  >  50004 Len=233"
"840","13.324293","192.168.178.42","5.200.6.174","UDP","264","61475  >  50004 Len=222"
"841","13.327281","149.154.167.92","192.168.178.42","TCP","60","80  >  6554 [ACK] Seq=235 Ack=227 Win=12124 Len=0"
"842","13.327335","192.168.178.42","149.154.167.92","HTTP","142","POST /api HTTP/1.1  (application/x-www-form-urlencoded)"
"843","13.341492","192.168.178.42","5.200.6.174","UDP","262","61475  >  50004 Len=220"
"844","13.362262","192.168.178.42","5.200.6.174","UDP","256","61475  >  50004 Len=214"
"845","13.378094","5.200.6.174","192.168.178.42","UDP","150","50004  >  61475 Len=108"
"846","13.384310","192.168.178.42","5.200.6.174","UDP","271","61475  >  50004 Len=229"
"847","13.385115","149.154.167.92","192.168.178.42","TCP","60","80  >  6554 [ACK] Seq=235 Ack=315 Win=12124 Len=0"
"848","13.402242","192.168.178.42","5.200.6.174","UDP","253","61475  >  50004 Len=211"
"849","13.408580","5.200.6.174","192.168.178.42","UDP","139","50004  >  61475 Len=97"
"850","13.419519","5.200.6.174","192.168.178.42","UDP","136","50004  >  61475 Len=94"
"851","13.424040","192.168.178.42","5.200.6.174","UDP","249","61475  >  50004 Len=207"
"852","13.445213","192.168.178.42","5.200.6.174","UDP","248","61475  >  50004 Len=206"
"853","13.446133","5.200.6.174","192.168.178.42","UDP","124","50004  >  61475 Len=82"
"854","13.463173","192.168.178.42","5.200.6.174","UDP","272","61475  >  50004 Len=230"
"855","13.464136","5.200.6.174","192.168.178.42","UDP","109","50004  >  61475 Len=67"
"856","13.478255","5.200.6.174","192.168.178.42","UDP","166","50004  >  61475 Len=124"
"857","13.480094","192.168.178.42","5.200.6.174","UDP","254","61475  >  50004 Len=212"
"858","13.501603","192.168.178.42","5.200.6.174","UDP","249","61475  >  50004 Len=207"
"859","13.501765","5.200.6.174","192.168.178.42","UDP","158","50004  >  61475 Len=116"
"860","13.520466","5.200.6.174","192.168.178.42","UDP","169","50004  >  61475 Len=127"
"861","13.522656","192.168.178.42","5.200.6.174","UDP","248","61475  >  50004 Len=206"
"862","13.538241","5.200.6.174","192.168.178.42","UDP","174","50004  >  61475 Len=132"
"863","13.544329","192.168.178.42","5.200.6.174","UDP","255","61475  >  50004 Len=213"
"864","13.561383","192.168.178.42","5.200.6.174","UDP","249","61475  >  50004 Len=207"
"865","13.563183","5.200.6.174","192.168.178.42","UDP","177","50004  >  61475 Len=135"
"866","13.579043","5.200.6.174","192.168.178.42","UDP","176","50004  >  61475 Len=134"
"867","13.587935","192.168.178.42","5.200.6.174","UDP","257","61475  >  50004 Len=215"
"868","13.599550","192.168.178.42","5.200.6.174","UDP","253","61475  >  50004 Len=211"
"869","13.603858","5.200.6.174","192.168.178.42","UDP","174","50004  >  61475 Len=132"
"870","13.620237","5.200.6.174","192.168.178.42","UDP","167","50004  >  61475 Len=125"
"871","13.623375","192.168.178.42","5.200.6.174","UDP","254","61475  >  50004 Len=212"
"872","13.639766","5.200.6.174","192.168.178.42","UDP","168","50004  >  61475 Len=126"
"873","13.640325","192.168.178.42","5.200.6.174","UDP","241","61475  >  50004 Len=199"
"874","13.656103","5.200.6.174","192.168.178.42","UDP","161","50004  >  61475 Len=119"
"875","13.662372","192.168.178.42","5.200.6.174","UDP","248","61475  >  50004 Len=206"
"876","13.679796","5.200.6.174","192.168.178.42","UDP","159","50004  >  61475 Len=117"
"877","13.685179","192.168.178.42","5.200.6.174","UDP","249","61475  >  50004 Len=207"
"878","13.701804","192.168.178.42","5.200.6.174","UDP","262","61475  >  50004 Len=220"
"879","13.701854","5.200.6.174","192.168.178.42","UDP","153","50004  >  61475 Len=111"
"880","13.721219","5.200.6.174","192.168.178.42","UDP","149","50004  >  61475 Len=107"
"881","13.724587","192.168.178.42","5.200.6.174","UDP","254","61475  >  50004 Len=212"
"882","13.737787","5.200.6.174","192.168.178.42","UDP","143","50004  >  61475 Len=101"
"883","13.741757","192.168.178.42","5.200.6.174","UDP","237","61475  >  50004 Len=195"
"884","13.759258","5.200.6.174","192.168.178.42","UDP","128","50004  >  61475 Len=86"
"885","13.764550","192.168.178.42","5.200.6.174","UDP","254","61475  >  50004 Len=212"
"886","13.778591","5.200.6.174","192.168.178.42","UDP","77","50004  >  61475 Len=35"
"887","13.780563","192.168.178.42","5.200.6.174","UDP","248","61475  >  50004 Len=206"
"888","13.789571","192.168.178.42","5.200.6.174","RTCP","94","Receiver Report   "
"889","13.798786","5.200.6.174","192.168.178.42","UDP","77","50004  >  61475 Len=35"
"890","13.803802","192.168.178.42","5.200.6.174","UDP","261","61475  >  50004 Len=219"
"891","13.816604","5.200.6.174","192.168.178.42","UDP","77","50004  >  61475 Len=35"
"892","13.820641","192.168.178.42","5.200.6.174","UDP","253","61475  >  50004 Len=211"
"893","13.837512","5.200.6.174","192.168.178.42","RTCP","94","Receiver Report   "
"894","13.837512","5.200.6.174","192.168.178.42","UDP","77","50004  >  61475 Len=35"
"895","13.841542","192.168.178.42","5.200.6.174","UDP","260","61475  >  50004 Len=218"
"896","13.856883","5.200.6.174","192.168.178.42","UDP","77","50004  >  61475 Len=35"
"897","13.858876","192.168.178.42","5.200.6.174","UDP","250","61475  >  50004 Len=208"
"898","13.880212","5.200.6.174","192.168.178.42","UDP","77","50004  >  61475 Len=35"
"899","13.880381","192.168.178.42","5.200.6.174","UDP","253","61475  >  50004 Len=211"
"900","13.897842","5.200.6.174","192.168.178.42","UDP","77","50004  >  61475 Len=35"
"901","13.903650","192.168.178.42","5.200.6.174","UDP","254","61475  >  50004 Len=212"
"902","13.918981","5.200.6.174","192.168.178.42","UDP","77","50004  >  61475 Len=35"
"903","13.921107","192.168.178.42","5.200.6.174","UDP","252","61475  >  50004 Len=210"
"904","13.939514","5.200.6.174","192.168.178.42","UDP","77","50004  >  61475 Len=35"
"905","13.943361","192.168.178.42","5.200.6.174","UDP","259","61475  >  50004 Len=217"
"906","13.956487","5.200.6.174","192.168.178.42","UDP","77","50004  >  61475 Len=35"
"907","13.959985","192.168.178.42","5.200.6.174","UDP","256","61475  >  50004 Len=214"
"908","13.982228","192.168.178.42","5.200.6.174","UDP","247","61475  >  50004 Len=205"
"909","14.003956","192.168.178.42","5.200.6.174","UDP","252","61475  >  50004 Len=210"
